id,headline,date,snippet,url,word_count,,,,,
5abeb86747de81a90121a42f,b'Breaking Down the 27 Words of the Second Amendment',3/30/18,"b'Adam Liptak, who covers the Supreme Court for The New York Times, explains what he calls \xe2\x80\x9cthe most cryptic part of the United States Constitution.\xe2\x80\x9d'",https://www.nytimes.com/2018/03/30/us/politics/second-amendment-explained.html,197,,,,,
5abeb7c847de81a90121a42e,b'Why Is the Second Amendment So Cryptic?',3/30/18,"b'Adam Liptak, who covers the Supreme Court for The New York Times, explains what he calls \xe2\x80\x9cthe most cryptic part of the United States Constitution.\xe2\x80\x9d'",https://www.nytimes.com/video/us/100000005821018/second-amendment-gun-control.html,413,,,,,
5abefafe47de81a90121a5a3,b'Vermont Legislature Passes Sweeping Gun Restrictions',3/31/18,"b'Gov. Phil Scott, a Republican, has vowed to sign the measure, representing a remarkable departure from the state\xe2\x80\x99s existing gun laws, some of the weakest in the country.'",https://www.nytimes.com/2018/03/30/us/vermont-gun-law.html,690,,,,,
5abe072447de81a901219ea8,"b'Actually, You Can Fix Stupid'",3/30/18,b'A new generation has learned how to use the tools of democracy that were largely denied them by passive educators.',https://www.nytimes.com/2018/03/30/opinion/protests-democracy-teens.html,828,,,,,
5abe9ad947de81a90121a362,b'NOT REAL NEWS: Sites Make False Claim Survivor Not in School',3/30/18,b'Multiple online sites have wrongly claimed Florida school shooting survivor and gun-control activist David Hogg was not on campus during the mass shooting.',https://www.nytimes.com/aponline/2018/03/30/us/ap-not-real-news-school-shooting-student.html,238,,,,,
5abe5b7a47de81a90121a16e,"b'Brooklyn Senator\xe2\x80\x99s Request Is Blamed for Budget Stall, but Deal Could Be Near'",3/30/18,"b'The senator, Simcha Felder, had asked for leeway in state oversight of yeshivas. He said on Friday that he thought an agreement had been reached.'",https://www.nytimes.com/2018/03/30/nyregion/new-york-state-budget-yeshivas.html,846,,,,,
5abe98ab47de81a90121a359,b'Package of Gun Restrictions Set to Become Law in Vermont',3/30/18,"b'A package of gun restrictions is on track to become law in Vermont after the state Senate on Friday approved raising the legal age for gun purchases, expanding background checks for private gun sales and banning high-capacity magazines and rapid-f...'",https://www.nytimes.com/aponline/2018/03/30/us/ap-us-gun-restrictions-vermont.html,460,,,,,
5abeb57b47de81a90121a41e,"b'In Gun-Friendly Vermont, Lawmakers Pass Firearms Control Bill'",3/30/18,"b""Vermont lawmakers gave final legislative approval on Friday to a bill that raises the legal age for buying firearms and expands background checks, becoming the latest state poised to tighten gun restrictions after last month's Florida school massa...""",https://www.nytimes.com/reuters/2018/03/30/us/politics/30reuters-usa-guns-vermont.html,393,,,,,
5abe9ce347de81a90121a36f,"b""NOT REAL NEWS: A Look at What Didn't Happen This Week""",3/30/18,"b'A roundup of some of the most popular but completely untrue headlines of the week. None of these stories is legit, even though they were shared widely on social media. The Associated Press checked these out; here are the real facts:'",https://www.nytimes.com/aponline/2018/03/30/us/ap-not-real-news.html,611,,,,,
5abdddb647de81a901219dde,b'AP Explains: Why Latinos and Spanish Remain Political Issue',3/30/18,"b""An attack on 18-year-old Cuban-American and Parkland activist Emma Gonz&#225;lez for not speaking Spanish by an Iowa Republican congressman's campaign staff highlights the pressures U.S.-born Latinos face on language.""",https://www.nytimes.com/aponline/2018/03/30/us/ap-us-ap-explains-hispanics-and-spanish.html,773id,headline,date,snippet,url,word_count
5aa5a08b47de81a90120d1e9,b'Delta and the Gun Control Rally',3/11/18,b'A reader suggests that the airline offer discounts to the high school students who will attend the Washington rally.',https://www.nytimes.com/2018/03/11/opinion/delta-and-antigun-rally.html,156,,,,,
5a7d7128d4211f00015c035b,b'When a Gun Maker Proposed Gun Control',2/9/18,"b'Long before a gunman using a Ruger emptied 15 high-capacity magazines in a Texas church, William B. Ruger Sr. said he would sell them only to the police.'",https://www.nytimes.com/2018/02/09/business/sturm-ruger-gun-control.html,1050,,,,,
5ab3c3ef47de81a901215486,b'America Passed Gun Control in 1968. Can It Happen Again?',3/22/18,b'The King and Kennedy assassinations spurred passage of the Gun Control Act.',https://www.nytimes.com/2018/03/22/opinion/gun-control-1968.html,1247,,,,,
5a97167b410cf7000162e81f,b'Corporate Action on Gun Control',2/28/18,b'Readers are buoyed by a decision by Dick\xe2\x80\x99s Sporting Goods to stop selling assault rifles.',https://www.nytimes.com/2018/02/28/opinion/companies-gun-control.html,540,,,,,
5ab9799147de81a901217943,"b'New Jersey\xe2\x80\x99s Gun Laws, Already Tough, Could Soon Get Tougher'",3/26/18,"b'The state is poised to enact several measures, calling it a response to the movement that has grown after the deadly high school shooting in Florida.'",https://www.nytimes.com/2018/03/26/nyregion/new-jersey-gun-control.html,824,,,,,
5aa6dea847de81a90120db19,"b'Conceding to N.R.A., Trump Abandons Brief Gun Control Promise'",3/12/18,"b'After a made-for-television moment in which he appeared to embrace expansive gun control, President Trump completed his reversal on Monday.'",https://www.nytimes.com/2018/03/12/us/politics/trump-gun-control-national-rifle-association.html,1404,,,,,
5a95fa1e410cf7000162e521,b'Most Americans Want More Gun Control. Why Doesn\xe2\x80\x99t It Happen?',2/28/18,"b'Polls show solid support for stricter laws, especially after mass shootings. But there is also deep disagreement, staunch opposition and growing disenchantment with gun control.'",https://www.nytimes.com/video/us/politics/100000005746208/most-americans-want-more-gun-control-why-doesnt-it-happen.html,636,,,,,
5ab8359b47de81a901217092,"b'In Gun Control Marches, Students Led but Adults Provided Key Resources'",3/25/18,"b'The March for Our Lives demonstrations were triumphs of organic, youthful grass-roots energy, and of sophisticated, experienced organizational muscle.'",https://www.nytimes.com/2018/03/25/us/gun-march-organizers.html,1131,,,,,
5a8e0f43410cf7000162d3cd,b'Florida Survivor Demands Action on Gun Control',2/22/18,"b'Florence Yared, a survivor of the shooting at Marjory Stoneman Douglas High School, addressed a crowd of protesters outside the Florida State Capitol in Tallahassee.'",https://www.nytimes.com/video/us/politics/100000005756962/florida-survivor-its-not-too-soon-to-talk-about-gun-control.html,118,,,,,
5a98961c410cf7000162ec46,b'N.R.A. Suggests Trump May Retreat From Gun Control',3/2/18,"b'The group\xe2\x80\x99s top lobbyist said the president and vice president \xe2\x80\x9csupport the Second Amendment, support strong due process and don\xe2\x80\x99t want gun control.\xe2\x80\x9d'",https://www.nytimes.com/2018/03/01/us/politics/trump-republicans-gun-control.html,1217,,,,,
5ab8f3a847de81a901217461,b'California Today: They Marched for Gun Control. Will Anything Change?',3/26/18,"b'Monday: Gun control proponents march throughout the state, fresh uproar over a fatal shooting by the Sacramento police, and concern over a new housing bill.'",https://www.nytimes.com/2018/03/26/us/california-today-gun-marches.html,1081,,,,,
5ab7f0c347de81a901216f3c,"b'John Bolton, Gun Control, China: Your Monday Briefing'",3/25/18,b'Here\xe2\x80\x99s what you need to know to start your day.',https://www.nytimes.com/2018/03/25/briefing/john-bolton-gun-control-china.html,1331,,,,,
5ab5dcba47de81a9012167e6,"b""'Vote Them Out!': Hundreds of Thousands Demand Gun Control""",3/24/18,"b'In a historic groundswell of youth activism, hundreds of thousands of teenagers and their supporters rallied across the U.S. against gun violence Saturday, vowing to transform fear and grief into a ""vote-them-out"" movement and tougher laws against...'",https://www.nytimes.com/aponline/2018/03/24/us/politics/ap-us-student-gun-protests.html,936,,,,,
5ab26f4247de81a901214548,b'The Latest: Constitution Panel Rejects Gun Control Proposals',3/21/18,b'The Latest on the deadly shooting at a Florida high school (all times local):',https://www.nytimes.com/aponline/2018/03/21/us/ap-us-school-shooting-florida-the-latest.html,808,,,,,
5ab12e2247de81a9012134ea,b'Crime Spike Prompts Canada to Unveil Tougher Gun Control Steps',3/20/18,"b""Canada's Liberal government unveiled proposals on Tuesday to tighten already tough gun control laws to address a spike in crimes involving firearms, including a deadly attack on a  mosque last year.""",https://www.nytimes.com/reuters/2018/03/20/us/20reuters-canada-politics-guncontrol.html,434,,,,,
5aa113f447de81a90120b852,"b'Tariffs, Gun Control, International Women\xe2\x80\x99s Day: Your Thursday Briefing'",3/8/18,b'Here\xe2\x80\x99s what you need to know to start your day.',https://www.nytimes.com/2018/03/08/briefing/tariffs-gun-control-international-womens-day.html,1184,,,,,
5a97d6eb410cf7000162e9cf,"b'Hope Hicks, Gun Control, Spotify: Your Thursday Briefing'",3/1/18,b'Here\xe2\x80\x99s what you need to know to start your day.',https://www.nytimes.com/2018/03/01/briefing/hope-hicks-gun-control-spotify.html,1194,,,,,
5ab8a88447de81a90121725f,b'Teaching Activities for: \xe2\x80\x98Students Lead Huge Rallies for Gun Control Across the U.S.\xe2\x80\x99',3/26/18,b'What do you think will be the short- and long-term outcome of the rallies to end gun violence?',https://www.nytimes.com/2018/03/26/learning/teaching-activities-for-students-lead-huge-rallies-for-gun-control-across-the-us.html,316,,,,,
5ab3de8a47de81a901215629,b'Congress Poised to Pass Modest Gun Control Measures in Spending Bill',3/22/18,"b'With large protests for stricter gun laws planned nationwide on Saturday, the U.S. Congress is expected to approve a massive spending bill this week with grants to help schools prevent gun violence, improvements to background checks and an assuran...'",https://www.nytimes.com/reuters/2018/03/22/us/22reuters-usa-guns.html,449,,,,,
5a8d4145410cf7000162d141,b'Stephen Colbert Stands With Florida Students Fighting for Gun Control',2/21/18,"b'\xe2\x80\x9cI hope these kids don\xe2\x80\x99t give up,\xe2\x80\x9d Colbert said on Tuesday. \xe2\x80\x9cSomeone else may be in power, but this country belongs to them.\xe2\x80\x9d'",https://www.nytimes.com/2018/02/21/arts/television/stephen-colbert-florida-shooting-students.html,729,,,,,
5a90173c410cf7000162d923,b'DealBook Briefing: Dropbox Files to Go Public',2/23/18,b'The cloud storage company filed with the Securities and Exchange Commission for an initial public offering.',https://www.nytimes.com/2018/02/23/business/dealbook/business-gun-control.html,3266,,,,,
5a862f33410cf7000162c3d7,b'A Mother Weeps for Her Angel: \xe2\x80\x98I Hope She Didn\xe2\x80\x99t Die for Nothing\xe2\x80\x99',2/16/18,"b'As students who survived the Florida school massacre struggled to make sense of the horror and loss, an entire community turns out at a vigil.'",https://www.nytimes.com/2018/02/15/us/a-mother-weeps-for-her-angel-i-hope-she-didnt-die-for-nothing.html,840,,,,,
5a97e5cf410cf7000162e9fe,b'Listen to \xe2\x80\x98The Daily\xe2\x80\x99: Trump vs. the N.R.A.',3/1/18,"b'The president stunned lawmakers with calls for gun control. Also, Hope Hicks, the White House communications director, is to step down.'",https://www.nytimes.com/2018/03/01/podcasts/the-daily/trump-nra-hope-hicks.html,386,,,,,
5a8fe666410cf7000162d87e,"b'Major Shootings Led to Tougher Gun Laws, but to What End?'",2/23/18,b'Major legislation is often spurred by tragedy. Experts are uncertain about the extent that gun control laws have improved safety and curbed violence.',https://www.nytimes.com/2018/02/23/us/politics/fact-check-mass-shootings-gun-laws.html,1162,,,,,
5a86327a410cf7000162c3e2,b'Limiting Access to Guns for Mentally Ill Is Complicated',2/16/18,"b'After the shooting, Florida officials and President Trump stepped into the balancing act between public safety and the right to bear arms.'",https://www.nytimes.com/2018/02/15/us/gun-access-mentally-ill.html,1349,,,,,
5a902e68410cf7000162d97c,b'An Australian Model on Guns? Trump and Turnbull Reject Comparisons',2/23/18,"b'A Florida shooting survivor implored President Trump to emulate Australia\xe2\x80\x99s gun crackdown. But when Australia\xe2\x80\x99s prime minister visited the White House, the two said the nations are too different.'",https://www.nytimes.com/2018/02/23/us/politics/australia-gun-crackdown-trump-school-shooting.html,1242,,,,,
5a99bcd9410cf7000162eed6,b'Why It May Be Impossible to Measure the Impact of Stores Limiting Gun Sales',3/2/18,b'Major retailers have pledged to stop selling certain assault-style rifles and raise age requirements. But the potential effects are difficult to discern because sales data is limited.',https://www.nytimes.com/2018/03/02/business/gun-sales-impact.html,1078,,,,,
5a862fec410cf7000162c3db,b'Gunfire Erupts at a School. Leaders Offer Prayers. Children Are Buried. Repeat.',2/16/18,"b'Deadly shootings in schools have become a sad and distinct American ritual, with familiar images and a familiar response.'",https://www.nytimes.com/2018/02/15/us/florida-school-shooting-thoughts-prayers.html,1260,,,,,
5a95bbb8410cf7000162e46c,b'Parkland Massacre Thrusts Guns Into the Midterm Spotlight',2/27/18,b'Lawmakers in both parties are recalibrating their positions on gun control in the wake of the massacre at Marjory Stoneman Douglas High School.',https://www.nytimes.com/2018/02/27/us/politics/parkland-gun-control-politics-midterms.html,1631,,,,,
5aaa361e47de81a9012103dd,"b'Facing a Democratic Wave, Republicans Refuse to Throw Trump Overboard'",3/15/18,"b'Recent steps on a Russia inquiry, gun control measures and more illustrate a close alignment between congressional Republicans and President Trump.'",https://www.nytimes.com/2018/03/15/us/politics/trump-congressional-republicans-midterms.html,926,,,,,
5a8564d0410cf7000162c163,b'Why Is It So Hard for Democracy to Deal With Inequality?',2/15/18,b'Thomas Piketty has a few ideas.',https://www.nytimes.com/2018/02/15/opinion/democracy-inequality-thomas-piketty.html,1963,,,,,
5a86c4e3410cf7000162c546,b'Listen to \xe2\x80\x98The Daily\xe2\x80\x99: The Gun Behind So Many Mass Shootings',2/16/18,"b'The AR-15 assault rifle used in Parkland, Fla., this week was purchased legally, officials said. How did a weapon designed for warfare become easier to buy than a handgun?'",https://www.nytimes.com/2018/02/16/podcasts/the-daily/florida-shooting-ar-15.html,442,,,,,
5a862205410cf7000162c3b8,b'The Bad Parent Caucus',2/16/18,"b'Stuff the thoughts, hold the prayers, and do something to stop school shootings.'",https://www.nytimes.com/2018/02/15/opinion/florida-school-shooting-guns.html,845,,,,,
5a85fc6c410cf7000162c346,b'The Florida Massacre: \xe2\x80\x98End This Uniquely American Tragedy\xe2\x80\x99',2/15/18,"b'Outrage over yet another mass shooting at an American school, and calls for gun control.'",https://www.nytimes.com/2018/02/15/opinion/school-shooting.html,1122,,,,,
5a7c2a40d4211f00015bffba,b'Trump\xe2\x80\x99s Tool Kit Does Not Include the Constitution',2/8/18,b'No wonder we are losing faith in our democracy.',https://www.nytimes.com/2018/02/08/opinion/trump-democracy-midterm-elections.html,2112,,,,,
5a9892f2410cf7000162ec39,b'How Progressives Win the Culture War',3/1/18,b'The gun issue may be the final battle.',https://www.nytimes.com/2018/03/01/opinion/progressives-win-culture-war.html,854,,,,,
5a9499a8410cf7000162e194,b'The Force of Decency Awakens',2/26/18,"b'Something big is happening, and bad men in power should be very, very afraid.'",https://www.nytimes.com/2018/02/26/opinion/the-force-of-decency-awakens.html,863,,,,,
5a9536c9410cf7000162e2d2,b'Will We Ever Stop With the Political Games?',2/27/18,b'Pyeongchang and Parkland raise questions about what Washington is doing.',https://www.nytimes.com/2018/02/27/opinion/olympics-congress-guns.html,1547,,,,,
5a72efc0d4211f00015beb3a,b'Trump Has Got Democrats Right Where He Wants Them',2/1/18,"b'As far as the president\xe2\x80\x99s immigration plan goes, they are damned if they do and damned if they don\xe2\x80\x99t.'",https://www.nytimes.com/2018/02/01/opinion/trump-democrats-immigration.html,2708,,,,,
5a905985410cf7000162da2f,b'I\xe2\x80\x99m Republican. I Appreciate Assault Weapons. And I Support a Ban.',2/23/18,b'I\xe2\x80\x99m a congressman who was in the Army. I know how lethal these weapons are because I used them in combat.',https://www.nytimes.com/2018/02/23/opinion/brian-mast-assault-weapons-ban.html,991,,,,,
5ab48bc247de81a901215c91,b'Factbox: What Is in the $1.3 Trillion Spending Bill Before the Congress',3/23/18,b'The U.S. Congress is aiming to pass a $1.3 trillion spending bill and send it to President Donald Trump before a midnight Friday deadline to fund the U.S. government until Oct. 1 and avoid a shutdown.',https://www.nytimes.com/reuters/2018/03/23/us/politics/23reuters-usa-fiscal-congress-factbox.html,427,,,,,
5ab53c0e47de81a90121634c,"b'Parkland Students Scarred, Determined After Lives Changed Forever'",3/23/18,"b""Marjory Stoneman Douglas High School students Madeline Gaffney, Diego Pfeiffer and Kayla Sanseverino were normal teens focused on homework and college applications before last month's mass shooting catapulted them into the U.S. debate on gun right...""",https://www.nytimes.com/reuters/2018/03/23/us/23reuters-usa-guns-students.html,413,,,,,
5ab43ba547de81a901215a45,b'Factbox: What Is in the $1.3 Trillion Spending Bill Before the Congress',3/22/18,b'The U.S. Congress is aiming to pass a $1.3 trillion spending bill and send it to President Donald Trump before a midnight Friday deadline to fund the U.S. government until Oct. 1 and avoid a shutdown.',https://www.nytimes.com/reuters/2018/03/22/us/politics/22reuters-usa-fiscal-congress-factbox.html,427,,,,,
5ab47d6c47de81a901215c35,b'Girl Shot at Maryland School Dies After Being Taken Off Life Support',3/23/18,"b'Jaelynn Willey, 16, was shot at Great Mills High School on Tuesday. She died, \xe2\x80\x9csurrounded by her family,\xe2\x80\x9d on Thursday.'",https://www.nytimes.com/2018/03/23/us/maryland-school-shooting-jaelynn-willey.html,380,,,,,
5ab154d247de81a90121371b,"b""Maryland Lockdown Pulls Florida Students Into Twitter Storm: 'Be Strong'""",3/20/18,"b'Hunkered down in an ""active shooter"" lockdown at her Maryland high school, Mollie Davis exchanged tweets with Parkland, Florida, students on Tuesday, less than a week after all of them led walkouts to demand Congress enact gun safety laws.'",https://www.nytimes.com/reuters/2018/03/20/us/20reuters-maryland-shooting-students.html,400,,,,,
5a993722410cf7000162edc3,b'Listen to \xe2\x80\x98The Daily\xe2\x80\x99: \xe2\x80\x98I Don\xe2\x80\x99t Think I Can Do Anything to Fix It\xe2\x80\x99',3/2/18,"b'Representative Tom Rooney, a Florida Republican, talks about the Russia investigation, gun control and his decision not to run for re-election.'",https://www.nytimes.com/2018/03/02/podcasts/the-daily/tom-rooney-trump-washington.html,347,,,,,
5a89df85410cf7000162ca50,"b'For Parents of Shooting Victims, a Support Network That Keeps Growing'",2/18/18,"b'Those who have lost children in earlier tragedies will reach out to the newest grieving parents to console, advise and often recruit them to the gun control cause.'",https://www.nytimes.com/2018/02/18/us/school-shooting-parents.html,1553,,,,,
5a8882c6410cf7000162c8b8,b'You\xe2\x80\x99re Wrong! I\xe2\x80\x99m Right!',2/17/18,b'On both sides we\xe2\x80\x99re too quick to reject the other\xe2\x80\x99s views.',https://www.nytimes.com/2018/02/17/opinion/sunday/liberal-conservative-divide.html,887,,,,,
5ab28cd047de81a9012147a2,"b'Off the Sideline: Students, Women, Teachers Embrace Activism'",3/21/18,"b'Suddenly, America is on the march.'",https://www.nytimes.com/aponline/2018/03/21/us/ap-us-surge-of-activism.html,1174,,,,,
5aae830247de81a901212237,b'\xe2\x80\x98Skinhead Lesbian\xe2\x80\x99 Tweet About Parkland Student Ends Maine Republican\xe2\x80\x99s Candidacy',3/18/18,"b'The State House candidate, Leslie Gibson, made the comment about Emma Gonz\xc3\xa1lez, also calling David Hogg a \xe2\x80\x9cbaldfaced liar.\xe2\x80\x9d His remarks prompted others to run.'",https://www.nytimes.com/2018/03/18/us/politics/maine-republican-leslie-gibson.html,745,,,,,
5a7b234ad4211f00015bfcc1,"b'Walking Tour of a City\xe2\x80\x99s History, Assassinations Included'",2/7/18,"b'Ronnie Chatah, who leads the tours, considers them a tribute to the city and to his father, who was killed by a car bomb in Lebanon in 2013.'",https://www.nytimes.com/2018/02/07/world/middleeast/beirut-walking-tour-history.html,1199,,,,,
5aa30aef47de81a90120c92b,b'Open Thread: This Week in Style News',3/9/18,"b'Martin Margiela\xe2\x80\x99s moment, the President\xe2\x80\x99s monogram \xe2\x80\x94 and more.'",https://www.nytimes.com/2018/03/09/fashion/open-thread-style-newsletter-trump-monogram.html,809,,,,,
5aa0577447de81a90120b5ac,b'The Power to Change the World: A Teaching Unit on Student Activism in History and Today',3/7/18,b'How much of a difference can young people make in addressing the problems our society faces? What makes their voices uniquely powerful?',https://www.nytimes.com/2018/03/07/learning/lesson-plans/the-power-to-change-the-world-a-teaching-unit-on-student-activism-in-history-and-today.html,2883,,,,,
5aa0488a410cf7000162f31b,"b'Facing Potential Challenge From Cynthia Nixon, Cuomo Swipes at Familiar Foe: The Mayor'",3/7/18,b'Who is behind Cynthia Nixon\xe2\x80\x99s possible run for governor? Andrew Cuomo says \xe2\x80\x9cprobably either the mayor of New York or Vladimir Putin.\xe2\x80\x9d',https://www.nytimes.com/2018/03/07/nyregion/cuomo-cynthia-nixon-de-blasio-governor.html,805,,,,,
5a9ca2df410cf7000162f021,b'Trump: King of Chaos',3/5/18,b'The president\xe2\x80\x99s reality always seems to return to delusional narcissism.',https://www.nytimes.com/2018/03/04/opinion/trump-king-of-chaos.html,836,,,,,
5a9af7c7410cf7000162ef5b,b'Power to the Parents',3/3/18,b'Give kids the franchise \xe2\x80\x94 but let their parents exercise it.',https://www.nytimes.com/2018/03/03/opinion/sunday/parents-teenagers-voting.html,827,,,,,
5a992432410cf7000162ed79,b'Teenagers in The Times: February 2018',3/2/18,b'Our roundup of the news stories and features about young people that have recently appeared across sections of NYTimes.com.',https://www.nytimes.com/2018/03/02/learning/lesson-plans/teenagers-in-the-times-february-2018.html,2506,,,,,
5abee4e347de81a90121a531,b'Albany Strikes Budget Deal That Sidesteps Trump\xe2\x80\x99s Tax Plan',3/31/18,"b'Discussions on some policy issues, such as gun control and criminal justice reform, were pushed back until after the April 1 budget deadline.'",https://www.nytimes.com/2018/03/30/nyregion/new-york-state-budget-deal.html,1316,,,,,
5abe28e047de81a901219f70,b'AP-NORC/MTV Poll: Young People Run From Trump',3/30/18,"b'A majority of young people believe President Donald Trump is racist, dishonest and ""mentally unfit"" for office, according to a new survey that finds the nation\'s youngest potential voters are more concerned about the Republican\'s performance in th...'",https://www.nytimes.com/aponline/2018/03/30/us/ap-us-ap-poll-young-americans.html,971,,,,,
5abc30c047de81a901218fa0,"b'In Arizona Race, Conservatives View Stormy Daniels as a \xe2\x80\x98Little Hard to Believe\xe2\x80\x99'",3/29/18,b'Many voters in Arizona\xe2\x80\x99s Eighth Congressional District seem to take Stormy Daniels\xe2\x80\x99s claim of an affair with Donald Trump with a dose of skepticism.',https://www.nytimes.com/2018/03/28/us/arizona-race-trump-stormy-daniels-lesko-tipirneni.html,1051,,,,,
5a968647410cf7000162e654,"b'Security Clearance, N.R.A., Ben Carson: Your Wednesday Briefing'",2/28/18,b'Here\xe2\x80\x99s what you need to know to start your day.',https://www.nytimes.com/2018/02/28/briefing/security-clearance-nra-ben-carson.html,1263,,,,,
5a97f7e3410cf7000162ea32,b'California Today: Democrats Fault Governor on Homelessness Crisis',3/1/18,"b'Thursday: Democrats point fingers at one another on poverty, President Trump changes his tune on gun control, and a horse walks onto a freeway.'",https://www.nytimes.com/2018/03/01/us/california-today-jerry-brown-homelessness.html,1173,,,,,
5a939571410cf7000162dee0,"b'Syria, Samsung, Xi Jinping: Your Monday Briefing'",2/26/18,b'Here\xe2\x80\x99s what you need to know to start your day.',https://www.nytimes.com/2018/02/26/briefing/syria-samsung-xi-jinping.html,1300,,,,,
5a936224410cf7000162dea9,"b'Florida Students Return, Gingerly, to Their Scarred High School'",2/26/18,"b'The campus in Parkland, Fla., where 17 people were killed, reopened on Sunday for students and their families to retrieve belongings, reunite with friends and brace themselves for classes to resume.'",https://www.nytimes.com/2018/02/25/us/florida-students-return-high-school.html,1077,,,,,
5a6a5584d4211f00015bd8b8,"b'Stephanie Miner Rules Out Bid for Congress, but May Yet Challenge Cuomo'",1/25/18,"b'Ms. Miner, the former mayor of Syracuse, was thought to be the Democrats\xe2\x80\x99 leading hope of unseating Representative John Katko, a Republican.'",https://www.nytimes.com/2018/01/25/nyregion/stephanie-miner-campaign-governor-cuomo.html,835,,,,,
5a77a651d4211f00015bf3f9,"b'Sessions Silent as Trump Attacks His Department, Risking Independence and Morale'",2/5/18,b'The silence by Jeff Sessions breaks with a long tradition of attorneys general protecting the Justice Department from political interference.',https://www.nytimes.com/2018/02/04/us/politics/jeff-sessions-justice-department-trump.html,996,,,,,
5a930d31410cf7000162de27,"b'Xi Jinping, National Rifle Association, Syria: Your Monday Briefing'",2/25/18,b'Here\xe2\x80\x99s what you need to know to start your day.',https://www.nytimes.com/2018/02/25/briefing/xi-jinping-national-rifle-association-syria.html,1250,,,,,
5a93e140410cf7000162df91,"b'Xi Jinping, Winter Olympics, Weinstein Company: Your Monday Briefing'",2/26/18,b'Here\xe2\x80\x99s what you need to know to start your day.',https://www.nytimes.com/2018/02/26/briefing/xi-jinping-winter-olympics-weinstein-company.html,1276,,,,,
5aab87a647de81a901211118,"b'Cynthia Nixon Hints at a Run, and Cuomo Flexes His Muscle'",3/16/18,"b'Gov. Andrew M. Cuomo and his political operation have gone into overdrive, though his aides say it has nothing to do with Ms. Nixon\xe2\x80\x99s possible candidacy.'",https://www.nytimes.com/2018/03/16/nyregion/cynthia-nixon-cuomo-governor.html,1463,,,,,
5a8fa140410cf7000162d7cd,"b'Syria, Winter Olympics, Neanderthals: Your Friday Briefing'",2/23/18,b'Here\xe2\x80\x99s what you need to know to start your day.',https://www.nytimes.com/2018/02/23/briefing/syria-winter-olympics-neanderthals.html,1271,,,,,
5a8165c5d4211f00015c063a,b'The Stars of \xe2\x80\x98Black Panther\xe2\x80\x99 Waited a Lifetime for This Moment',2/12/18,"b'The director Ryan Coogler and the castmates Chadwick Boseman, Michael B. Jordan, Lupita Nyong\xe2\x80\x99o and Danai Gurira see personal and political potency in Marvel\xe2\x80\x99s first black superhero film.'",https://www.nytimes.com/2018/02/12/movies/black-panther-marvel-chadwick-boseman-ryan-coogler-lupita-nyongo.html,2008,,,,,
5ab41ed947de81a90121592e,b'House Republicans Say G.O.P. Establishment Opened Way for Russian Influence',3/22/18,"b'House Republicans, over Democrats\xe2\x80\x99 objections, voted Thursday to release a report concluding there was no collusion between the Trump campaign and Russia.'",https://www.nytimes.com/2018/03/22/us/politics/house-intelligence-republicans-russia-collusion-trump.html,805,,,,,
5a814280d4211f00015c05ea,b'Planners of Deadly Charlottesville Rally Are Tested in Court',2/12/18,"b'People injured at the alt-right rally in Charlottesville, Va., say in a lawsuit that organizers conspired to incite violence. The defendants say the First Amendment protects them.'",https://www.nytimes.com/2018/02/12/us/charlottesville-lawsuit-far-right-heather-heyer.html,1501,,,,,
5a86ac00410cf7000162c4f0,b'\xe2\x80\x98How Did This Happen?\xe2\x80\x99: Grief and Fury After Florida Shooting',2/16/18,b'The president and the first lady made an unannounced visit to meet with law enforcement officials and medical workers who helped in the wake of the shooting.',https://www.nytimes.com/2018/02/16/us/florida-shooting.html,2061,,,,,
5a855684410cf7000162c129,b'Suspect Confessed to Police That He Began Shooting Students \xe2\x80\x98in the Hallways\xe2\x80\x99',2/15/18,b'Mr. Cruz faces 17 counts of premeditated murder \xe2\x80\x94 one for each of the people he is accused of killing with a semiautomatic AR-15 rifle at his former high school.',https://www.nytimes.com/2018/02/15/us/florida-shooting.html,2184,,,,,
5a9a060247de81a901209906,"b'Charles Wilson, Top Brain Surgeon and Researcher, Dies at 88'",3/3/18,"b'Dr. Wilson was a deft, busy neurosurgeon in San Francisco but still found time to establish a leading center for the study of tumors.'",https://www.nytimes.com/2018/03/02/obituaries/charles-wilson-top-brain-surgeon-and-researcher-dies-at-88.html,1254,,,,,
5a4c2b5f95d0e0246f21ef61,b'Woes Deepen for New York G.O.P. as Best Hope to Challenge Cuomo Bows Out',1/3/18,"b'The decision by Harry Wilson, a wealthy businessman, to not run against Gov. Andrew M. Cuomo has Republican strategists scrambling for a new hopeful.'",https://www.nytimes.com/2018/01/02/nyregion/new-york-republican-cuomo-wilson.html,1038,,,,,
5a4cb7c795d0e0246f21f04b,b'New York Today: The State of Our State',1/3/18,"b'Wednesday: The governor\xe2\x80\x99s annual address, the continuing cold, and health care enrollment.'",https://www.nytimes.com/2018/01/03/nyregion/new-york-today-cuomo-state-of-the-state-speech.html,1107,,,,,
5a78699ad4211f00015bf57b,b'Committee Votes to Release Democratic Rebuttal to G.O.P. Russia Memo',2/5/18,"b'The House Intelligence Committee voted to release a Democratic rebuttal to a Republican memo on surveillance abuse, putting its fate in President Trump\xe2\x80\x99s hands.'",https://www.nytimes.com/2018/02/05/us/politics/democratic-memo-adam-schiff-trump.html,1252,,,,,
5a4fb89b95d0e0110c1a3141,"b'Amid Calls from Trump, F.B.I. Renews Questions Over Clinton Foundation'",1/5/18,b'Career prosecutors shut down the case in 2016 over lack of evidence. The new interest comes as Mr. Trump has taken the highly unusual step of calling for investigations into political rivals.',https://www.nytimes.com/2018/01/05/us/politics/clinton-foundation-fbi.html,831,,,,,
5abd7b1147de81a901219bd3,"b'Command From the Devil Drove Nanny to Kill, Psychiatrist Says'",3/29/18,"b'Dr. Karen Rosenbaum testified that the former nanny, Yoselyn Ortega, was too delusional to understand her actions when she killed two young children in her care.'",https://www.nytimes.com/2018/03/29/nyregion/nanny-murder-trial-devil-commands.html,668,,,,,
5a97cf5e410cf7000162e9b8,"b'Trump Targets MS-13, a Violent Menace, if Not the One He Portrays'",3/1/18,b'The transnational gang is a bit player compared with drug cartels. But its violence has helped the Trump administration sell its campaign against immigration.',https://www.nytimes.com/2018/03/01/us/politics/ms13-gang-threat-trump-policy.html,1506,,,,,
5a63215895d0e0110c1a59b0,b'The National Rifle Association\xe2\x80\x99s Telegenic Warrior',1/20/18,"b'How Dana Loesch, a onetime Democrat, became a Second Amendment spokeswoman too incendiary for some right-wingers to handle.'",https://www.nytimes.com/2018/01/20/style/dana-loesch-national-rifle-association.html,2108,,,,,
5a57404595d0e0110c1a3f9a,b'\xe2\x80\x98The Lowest White Man\xe2\x80\x99',1/11/18,"b'For white supremacy to thrive, the lowest white man must be exalted above those who are black.'",https://www.nytimes.com/2018/01/11/opinion/trump-immigration-white-supremacy.html,960,,,,,
5a4fe5a195d0e0110c1a31cd,"b'The Playlist: Justin Timberlake Stays Funky (for Now), and 9 More New Songs'",1/5/18,"b""Hear the new songs that caught our critics' attention this week, from Bruno Mars and Cardi B, They Might Be Giants and more.""",https://www.nytimes.com/2018/01/05/arts/music/playlist-justin-timberlake-bruno-mars-kendrick-lamar.html,1435,,,,,
5a91d9b1410cf7000162dcb4,b'Democratic Rebuttal of G.O.P. Memo',2/24/18,b'House Democrats made public a heavily redacted memo that was drafted to counter Republican claims of surveillance abuses against a former Trump campaign aide.',https://www.nytimes.com/interactive/2018/02/24/us/politics/house-democrats-memo-rebuttal.html,0,,,,,
5ab37b2447de81a9012151e0,b'Will Canada Elect a Tin-Pot Northern Trump?',3/22/18,b'Doug Ford\xe2\x80\x99s rise to power in Ontario signals the Conservative brand is now principally a marker of contempt for political order itself.',https://www.nytimes.com/2018/03/22/opinion/doug-ford-populism-canada-trump.html,1058,,,,,
5a4bf37b95d0e0246f21eeec,"b'Trump Reiterates Support for Iranian Protesters, but Also Criticizes Obama'",1/2/18,"b'Unlike President Barack Obama, who was faulted for his response to the protests that became known as the Green Movement, President Trump has come down on the side of the demonstrators'",https://www.nytimes.com/2018/01/02/us/politics/trump-iran-protesters.html,1253,,,,,
5a9947b9410cf7000162edec,b'Would a Broadcom-Qualcomm Deal Really Shift the 5G race?: DealBook Briefing',3/2/18,b'Lawmakers have pressed the government panel that scrutinizes deals for national security concerns to take a close look at Broadcom\xe2\x80\x99s hostile bid for Qualcomm.',https://www.nytimes.com/2018/03/02/business/dealbook/trade-tariffs-steel-aluminum.html,3954,,,,,
5aa0808c410cf7000162f34f,b'Sessions Targets California Immigrants Using a Ruling That Protected Them',3/8/18,b'The principle of federal supremacy over immigration established in a Supreme Court ruling in favor of the Obama administration could help the Trump Justice Department advance a different goal.',https://www.nytimes.com/2018/03/07/us/politics/jeff-sessions-california-lawsuit.html,1127,,,,,
5abf174347de81a90121a629,"b""Mormon Church's All-Male Hierarchy Is Steeped in Tradition""",3/31/18,b'The Mormon church this weekend is expected to select two new members to a top governing body during a twice-yearly conference that will be the first since new church president Russell M. Nelson in January assumed the highest seat in a well-defined...',https://www.nytimes.com/aponline/2018/03/31/us/ap-us-rel-mormon-conference-hierarchy-qa.html,854,,,,,
5aaa0be647de81a9012102c3,b'Word + Quiz: foil',3/15/18,b'This word has appeared in 352 articles on nytimes.com in the past year.',https://www.nytimes.com/2018/03/15/learning/15WODLN.html,278,,,,,
5abe0bd047de81a901219ee2,b'Can You Get Two Colds at Once?',3/30/18,"b'People can, and often do, get infected with multiple germs. Sometimes it helps; sometimes it hurts.'",https://www.nytimes.com/2018/03/30/well/live/can-you-get-two-colds-at-once.html,413,,,,,
5a79c303d4211f00015bf8ea,b'The Shed Isn\xe2\x80\x99t Waiting for a Building to Start Programming',2/6/18,b'A two-week arts event will take place in temporary structure an undeveloped lot in May.',https://www.nytimes.com/2018/02/06/arts/design/the-shed-arts-center.html,192,,,,,
5abb8d9a47de81a9012188d8,b'Walgreens Retail Sales Decline Overshadows Pharmacy Business Strength',3/28/18,"b""Walgreens Boots Alliance Inc's quarterly profit and sales beat analysts' estimates on Wednesday helped by higher prescription volumes, but concerns surrounding its retail business played on investors' minds.""",https://www.nytimes.com/reuters/2018/03/28/business/28reuters-walgreens-boots-results.html,427,,,,,
5abe682747de81a90121a207,"b'Recalls This Week: Electric Blankets, Halogen Light Bulbs'",3/30/18,"b""Electric blankets that can overheat and start a fire are among this week's recalled consumer products. Others include faulty halogen light bulbs.""",https://www.nytimes.com/aponline/2018/03/30/business/ap-us-recalls-this-week.html,930,,,,,
5aa2afb547de81a90120c579,b'Revoking Awards to Aung San Suu Kyi',3/9/18,b'Readers say that the failure to condemn the persecution of the Rohingya makes Myanmar\xe2\x80\x99s civilian leader unworthy of honors.',https://www.nytimes.com/2018/03/09/opinion/myanmar-rohingya.html,263,,,,,
5abadc6747de81a901218441,b'WTO Chief Sees No Sign of U.S. Walking Away From WTO',3/28/18,"b'There is no sign that the United States is distancing itself from the World Trade Organization, and negotiations are underway to avert a global trade war, WTO Director-General Roberto Azevedo said in a BBC interview broadcast on Wednesday. '",https://www.nytimes.com/reuters/2018/03/27/business/27reuters-usa-trade-wto.html,390,,,,,
5ab7bed947de81a901216e60,"b'Buell Neidlinger, Acclaimed Genre-Crossing Bassist, Dies at 82'",3/25/18,"b'He had a founding role in free jazz, played alongside Cecil Taylor, performed in a Stravinsky premiere and recorded with Dolly Parton and the Eagles.'",https://www.nytimes.com/2018/03/25/obituaries/buell-neidlinger-dies.html,877,,,,,
5a960f8b410cf7000162e548,b'Hope Hicks Acknowledges She Sometimes Tells White Lies for Trump',2/28/18,"b'Ms. Hicks, the White House communications director, told lawmakers investigating Russia\xe2\x80\x99s election interference that she has not lied about matters relevant to their inquiry.'",https://www.nytimes.com/2018/02/27/us/politics/hope-hicks-house-intelligence-committee-testimony.html,584,,,,,
5ab3c99847de81a9012154d2,b'Bill Cosby Wants to Replace Judge in His New Assault Trial',3/22/18,"b'Mr. Cosby, nearing a retrial on sexual assault charges, says the judge must recuse himself because his wife is an advocate for assault victims. Legal experts disagree.'",https://www.nytimes.com/2018/03/22/us/bill-cosby-trial-judge.html,858,,,,,
5aae86da47de81a90121224e,"b""'Black Panther' Surpasses 'Tomb Raider' for Fifth Box Office Crown""",3/18/18,"b'Disney-Marvel\'s ""Black Panther"" has maintained its momentum at the domestic box office, winning its fifth consecutive weekend with $27 million from 3,834 locations.'",https://www.nytimes.com/reuters/2018/03/18/arts/18reuters-usa-boxoffice.html,691,,,,,
5ab32b0247de81a90121503e,b'Today in History',3/22/18,b'Today in History',https://www.nytimes.com/aponline/2018/03/22/us/ap-history.html,851,,,,,
5a721b85d4211f00015be920,b'New Speakeasy Memorializes an Old-School Journalist Haunt',1/31/18,"b'Gibson & Luce, an underground cocktail bar, pays tribute to Life magazine and its editors.'",https://www.nytimes.com/2018/01/31/style/speakeasy-gibson-luce-life-hotel.html,394,,,,,
5a6dd77fd4211f00015bde9d,b'Bruno Mars Sweeps Top Prizes at the 2018 Grammy Awards',1/28/18,"b'The show also wrestled with a host of social and political topics, including immigration, race and the #MeToo movement.'",https://www.nytimes.com/2018/01/28/arts/music/grammy-awards.html,3177,,,,,
5aad2ff847de81a901211d4b,b'Bridge Collapse Saps Spirits and Research Efforts at Florida International University',3/17/18,b'The pedestrian bridge collapse has dealt a blow to the school and to a center there devoted to accelerated bridge construction.',https://www.nytimes.com/2018/03/17/us/florida-international-university-bridge.html,862,,,,,
5ab13c0547de81a9012135b0,b'Black Man Convicted by All-White Jury Seeks New Trial',3/20/18,"b'Prosecutors in west Georgia focused on the race of black potential jurors as they purposely and systematically excluded them from the trials of black men facing the death penalty four decades ago, lawyers for one of the men said in a court filing ...'",https://www.nytimes.com/aponline/2018/03/20/us/ap-us-all-white-juries.html,739,,,,,
5a7363d1d4211f00015bece7,"b'Gut Microbes Combine to Cause Colon Cancer, Study Suggests'",2/1/18,"b'Two types of bacteria common in the gut may accelerate the growth of tumors, suggesting new possibilities for diagnosis and prevention.'",https://www.nytimes.com/2018/02/01/health/colon-cancer-bacteria.html,1027,,,,,
5a971a99410cf7000162e829,b'A Rolling Party Brings the Funk (and Health Benefits)',2/28/18,b'A retired New York City Department of Correction officer has created a new dance aerobics class. All you need is roller skates. And maybe a sense of balance.',https://www.nytimes.com/2018/02/28/nyregion/a-rolling-party-brings-the-funk-and-health-benefits.html,972,,,,,
5ab0e9b947de81a9012131df,"b'Robert P. Langlands Is Awarded the Abel Prize, a Top Math Honor'",3/20/18,"b'The honor, regarded by some as a Nobel Prize of mathematics, recognizes work on a \xe2\x80\x9cgrand unified theory\xe2\x80\x9d to connect different areas of mathematics.'",https://www.nytimes.com/2018/03/20/science/robert-langlands-abel-prize-mathematics.html,804,,,,,id,headline,date,snippet,url,word_count
5aa5a08b47de81a90120d1e9,b'Delta and the Gun Control Rally',2018-03-11,b'A reader suggests that the airline offer discounts to the high school students who will attend the Washington rally.',https://www.nytimes.com/2018/03/11/opinion/delta-and-antigun-rally.html,156
5a7d7128d4211f00015c035b,b'When a Gun Maker Proposed Gun Control',2018-02-09,"b'Long before a gunman using a Ruger emptied 15 high-capacity magazines in a Texas church, William B. Ruger Sr. said he would sell them only to the police.'",https://www.nytimes.com/2018/02/09/business/sturm-ruger-gun-control.html,1050
5ab3c3ef47de81a901215486,b'America Passed Gun Control in 1968. Can It Happen Again?',2018-03-22,b'The King and Kennedy assassinations spurred passage of the Gun Control Act.',https://www.nytimes.com/2018/03/22/opinion/gun-control-1968.html,1247
5a97167b410cf7000162e81f,b'Corporate Action on Gun Control',2018-02-28,b'Readers are buoyed by a decision by Dick\xe2\x80\x99s Sporting Goods to stop selling assault rifles.',https://www.nytimes.com/2018/02/28/opinion/companies-gun-control.html,540
5ab9799147de81a901217943,"b'New Jersey\xe2\x80\x99s Gun Laws, Already Tough, Could Soon Get Tougher'",2018-03-26,"b'The state is poised to enact several measures, calling it a response to the movement that has grown after the deadly high school shooting in Florida.'",https://www.nytimes.com/2018/03/26/nyregion/new-jersey-gun-control.html,824
5aa6dea847de81a90120db19,"b'Conceding to N.R.A., Trump Abandons Brief Gun Control Promise'",2018-03-12,"b'After a made-for-television moment in which he appeared to embrace expansive gun control, President Trump completed his reversal on Monday.'",https://www.nytimes.com/2018/03/12/us/politics/trump-gun-control-national-rifle-association.html,1404
5a95fa1e410cf7000162e521,b'Most Americans Want More Gun Control. Why Doesn\xe2\x80\x99t It Happen?',2018-02-28,"b'Polls show solid support for stricter laws, especially after mass shootings. But there is also deep disagreement, staunch opposition and growing disenchantment with gun control.'",https://www.nytimes.com/video/us/politics/100000005746208/most-americans-want-more-gun-control-why-doesnt-it-happen.html,636
5ab8359b47de81a901217092,"b'In Gun Control Marches, Students Led but Adults Provided Key Resources'",2018-03-25,"b'The March for Our Lives demonstrations were triumphs of organic, youthful grass-roots energy, and of sophisticated, experienced organizational muscle.'",https://www.nytimes.com/2018/03/25/us/gun-march-organizers.html,1131
5a8e0f43410cf7000162d3cd,b'Florida Survivor Demands Action on Gun Control',2018-02-22,"b'Florence Yared, a survivor of the shooting at Marjory Stoneman Douglas High School, addressed a crowd of protesters outside the Florida State Capitol in Tallahassee.'",https://www.nytimes.com/video/us/politics/100000005756962/florida-survivor-its-not-too-soon-to-talk-about-gun-control.html,118
5a98961c410cf7000162ec46,b'N.R.A. Suggests Trump May Retreat From Gun Control',2018-03-02,"b'The group\xe2\x80\x99s top lobbyist said the president and vice president \xe2\x80\x9csupport the Second Amendment, support strong due process and don\xe2\x80\x99t want gun control.\xe2\x80\x9d'",https://www.nytimes.com/2018/03/01/us/politics/trump-republicans-gun-control.html,1217
5aba12a547de81a901217c97,b'John Paul Stevens: Repeal the Second Amendment',2018-03-27,"b'This weekend\xe2\x80\x99s marches make it clear: To enact real gun control, we need to change the Constitution.'",https://www.nytimes.com/2018/03/27/opinion/john-paul-stevens-repeal-second-amendment.html,539
5a968e64410cf7000162e677,b'Listen to \xe2\x80\x98The Daily\xe2\x80\x99: Guns and the Midterm Elections',2018-02-28,b'Will gun control be a dominant topic in races across the U.S.?',https://www.nytimes.com/2018/02/28/podcasts/the-daily/gun-control-midterm-elections.html,355
5ab6e34847de81a901216bb2,b'Demonstrators Who Brought Guns and an Opposing Message: \xe2\x80\x98Shoot Back\xe2\x80\x99',2018-03-24,"b'Supporters of the Second Amendment gathered at state capitals and in city centers on Saturday, hoping to counter hundreds of thousands who rallied for stricter gun laws.'",https://www.nytimes.com/2018/03/24/us/march-for-guns-rallies.html,754
5ab709e847de81a901216c57,b'What Emma Gonz\xc3\xa1lez Said Without Words at the March for Our Lives Rally',2018-03-25,"b'Ms. Gonz\xc3\xa1lez, a survivor of last month\xe2\x80\x99s school shooting in Parkland, Fla., used her time onstage at Saturday\xe2\x80\x99s rally in Washington to convey the length of the attack.'",https://www.nytimes.com/2018/03/24/us/emma-gonzalez-march-for-our-lives.html,320
5a95cf9f410cf7000162e4a4,"b'Big and Small, N.R.A. Boycott Efforts Come Together in Gun Debate'",2018-02-27,"b'From individual Twitter posts to orchestrated efforts by advocacy groups, the protests against the gun lobby have coalesced into a powerful movement.'",https://www.nytimes.com/2018/02/27/business/nra-boycotts.html,1154
5a8ee47b410cf7000162d5fd,"b'N.R.A. Chief, Wayne LaPierre, Offers Fierce Defense of 2nd Amendment'",2018-02-22,"b'Mr. LaPierre leveled a searing indictment against liberal Democrats, the news media and political opportunists he said were joined together in a socialist plot to \xe2\x80\x9ceradicate all individual freedoms.\xe2\x80\x9d'",https://www.nytimes.com/2018/02/22/us/politics/nra-chief-offers-ardent-defense-of-gun-ownership.html,983
5ab95d8247de81a90121785d,b'Moved and Inspired by the \xe2\x80\x98March for Our Lives\xe2\x80\x99',2018-03-26,b'Readers express \xe2\x80\x9ctremendous admiration\xe2\x80\x9d for the students and urge continued political activism to bring about stricter gun laws.',https://www.nytimes.com/2018/03/26/opinion/gun-march.html,677
5a919f65410cf7000162dc60,b'What Makes #NeverAgain Different?',2018-02-24,"b'The protests calling for stricter gun control measures come on the heels of other youth movements, but the momentum they have gained makes them stand out.'",https://www.nytimes.com/video/us/100000005761059/student-protests-neveragain-parkland.html,380
5a9970ef410cf7000162ee79,b'There\xe2\x80\x99s an Awful Lot We Still Don\xe2\x80\x99t Know About Guns',2018-03-02,b'Experts have pressing questions.',https://www.nytimes.com/interactive/2018/03/02/upshot/what-should-government-study-gun-research-funding.html,0
5ab6ccdf47de81a901216b41,"b'For Parkland Students, a Surreal Journey From \xe2\x80\x98Normal\xe2\x80\x99 to a Worldwide March'",2018-03-24,"b'Little is ordinary for the students of Marjory Stoneman Douglas High School, who arrived in Washington Saturday to protest gun violence with huge crowds.'",https://www.nytimes.com/2018/03/24/us/parkland-students-gun-violence.html,1139
5a85ccd8410cf7000162c2bd,b'Frustration Grows as Congress Shows Inability to Pass Even Modest Gun Measures',2018-02-15,"b'Despite bipartisan promises, Congress failed to pass two modest measures after last year\xe2\x80\x99s mass killings: a bump stock ban and a bolstered background check system.'",https://www.nytimes.com/2018/02/15/us/politics/congress-inaction-guns.html,953
5a8efa15410cf7000162d64c,b'LaPierre Defends N.R.A. and Guns After Shooting',2018-02-22,"b'Wayne LaPierre, executive vice president of the N.R.A., addressed the Conservative Political Action Conference, warning that in the wake of the Florida school shooting, gun rights were under attack.'",https://www.nytimes.com/video/us/politics/100000005758373/lapierre-nra-defends-guns-florida-shooting.html,69
5ab4433247de81a901215a7f,b'\xe2\x80\x98We Are the Change\xe2\x80\x99: Teenagers From Chicago\xe2\x80\x99s South Side Stand With Parkland Survivors',2018-03-22,"b'Ke\xe2\x80\x99Shon Newman\xe2\x80\x99s brother was shot nine times on Chicago\xe2\x80\x99s South Side, where gun violence is a daily threat. Now, Ke\xe2\x80\x99Shon is heading to Washington to march with high school students from Parkland, Fla.'",https://www.nytimes.com/video/us/politics/100000005806457/chicago-parkland-washington-march.html,1207
5a8ddd81410cf7000162d33d,b'Florida Shooting Survivor: \xe2\x80\x98I Will Fight Every Single Day\xe2\x80\x99',2018-02-21,b'One hundred Marjory Stoneman Douglas students traveled to Tallahassee to advocate for gun control. Survivors spoke to legislators while supporters protested across the country.',https://www.nytimes.com/video/us/100000005755545/students-gun-control-florida-capitol.html,175
5a8fe656410cf7000162d873,b'States Mull \xe2\x80\x98Red Flag\xe2\x80\x99 Gun Seizures from People Deemed Dangerous',2018-02-23,b'Five states already have laws allowing authorities to temporarily remove guns under a judge\xe2\x80\x99s orders. The Florida school shooting has prompted new debate.',https://www.nytimes.com/2018/02/23/us/red-flag-laws-guns.html,1215
5a8e2ee5410cf7000162d409,b'What\xe2\x80\x99s on the N.R.A. Video Channel',2018-02-22,"b'The National Rifle Association\xe2\x80\x99s online video channel has a wide range of programming, and that\xe2\x80\x99s the point.'",https://www.nytimes.com/video/us/100000005755274/nra-video-channel-nratv.html,434
5a8e0de1410cf7000162d3c7,b'Shooting Survivor: \xe2\x80\x98We Will Not Be Silenced\xe2\x80\x99',2018-02-22,"b'Alfonso Calderon, a survivor of the shooting at Marjory Stoneman Douglas High School speaking at the Florida state Capitol, called for stricter gun control.'",https://www.nytimes.com/video/us/100000005756965/shooting-survivor-we-will-not-be-silenced.html,134
5a8e0cad410cf7000162d3c1,b'\xe2\x80\x98Dear Congress\xe2\x80\x99: Shooting Survivor Demands Action in Fiery Speech',2018-02-21,"b'Sheryl Acquaroli, a survivor of last week\xe2\x80\x99s shooting at Marjory Stoneman Douglas High School, called for stricter gun control outside the Florida state capitol, in Tallahassee.'",https://www.nytimes.com/video/us/100000005756782/dear-congress-shooting-survivor-demands-action-in-fiery-speech.html,88
5a8c1750410cf7000162ce51,b'Judge Deals AT&amp;T a Setback: DealBook Briefing',2018-02-20,b'The decision by a federal judge hampers the company\xe2\x80\x99s argument that politics influenced the government\xe2\x80\x99s move to block its $85 billion merger with Time Warner.',https://www.nytimes.com/2018/02/20/business/dealbook/banks-gun-rules.html,2975
5aa9756347de81a90120fe85,b'School Walkout: Photos From Across the Nation',2018-03-14,b'Students protested gun violence across the country on Wednesday in the wake of a recent school shooting in South Florida. Here are some compelling photos from the demonstrations.',https://www.nytimes.com/2018/03/14/us/photos-gun-protest.html,159
5ab6993447de81a901216a6f,b'Stop Shielding Gun Makers',2018-03-24,b'The firearms industry cannot be held legally accountable for the mayhem their weapons cause. That needs to change.',https://www.nytimes.com/2018/03/24/opinion/sunday/stop-shielding-gun-makers.html,880
5a9983b747de81a901209613,"b'\xe2\x80\x98Our Values Are Not for Sale,\xe2\x80\x99 Says Delta C.E.O. as Airline Considers Ending Divisive Discounts'",2018-03-02,"b'After Georgia lawmakers punished Delta for removing a discount for N.R.A. members, its chief wrote to employees stressing neutrality on gun control.'",https://www.nytimes.com/2018/03/02/business/delta-nra-discount.html,519
5a982853410cf7000162ead4,"b'Kroger Raises Age Limits on Gun Sales, Joining Walmart and Dick\xe2\x80\x99s'",2018-03-01,"b'Kroger sells guns at 43 of its Fred Meyer locations in Alaska, Idaho, Oregon and Washington.'",https://www.nytimes.com/2018/03/01/business/kroger-firearms-fred-meyer.html,548
5a974179410cf7000162e892,b'Trump Backs Broad Gun Reforms',2018-02-28,"b'In a meeting with lawmakers, President Trump expressed support for a \xe2\x80\x9ccomprehensive\xe2\x80\x9d gun bill that would include stronger background checks and temporarily take guns away from high-risk individuals.'",https://www.nytimes.com/video/us/politics/100000005771482/trump-guns-background-checks.html,290
5ab3836047de81a901215233,"b'How the Las Vegas Gunman Planned a Massacre, in 7 Days of Video'",2018-03-22,"b'Using exclusive surveillance footage obtained from MGM Resorts, we pieced together the last days of Stephen Paddock, the Las Vegas gunman. He plays video poker, laughs with hotel staff and hauls bag after bag of weapons into his suite.'",https://www.nytimes.com/video/us/100000005794914/las-vegas-gunman-planned-massacre.html,941
5a982d53410cf7000162eaed,b'Are You a School Resource Officer? We Want to Hear From You',2018-03-01,"b'School resource officers are an important, but rarely heard voice in the debate over school gun violence.'",https://www.nytimes.com/2018/03/01/reader-center/school-resource-officer.html,177
5a944d52410cf7000162e0e5,b'Trump Says He Would Have Rushed in Unarmed to Stop School Shooting',2018-02-26,"b'President Trump said the United States needs to consider opening more mental health institutions to avert mass shootings, and he castigated the Florida police response.'",https://www.nytimes.com/2018/02/26/us/politics/trump-school-shooter-florida.html,1394
5aaab53b47de81a901210a26,b'Dylann Roof\xe2\x80\x99s Sister Arrested After Bringing Weapons to School Walkout',2018-03-15,"b'Morgan Roof said on Snapchat that she hoped those walking out to protest gun violence would \xe2\x80\x9cget shot,\xe2\x80\x9d and suggested that only black students were participating.'",https://www.nytimes.com/2018/03/15/us/morgan-roof-dylann-roof.html,569
5a9031bf410cf7000162d987,b'Trump Condemns Florida Officer Who Didn\xe2\x80\x99t Act; Sticks by Plan to Arm Teachers',2018-02-23,"b'\xe2\x80\x9cWhen it came time to get in there and do something, he didn\xe2\x80\x99t have the courage, or something happened, but he certainly did a poor job,\xe2\x80\x9d President Trump said of the officer in Parkland.'",https://www.nytimes.com/2018/02/23/us/politics/trump-cpac-guns-school-shooting.html,1199
5aaa62de47de81a9012105a6,b'Thank a Teenager',2018-03-15,b'Also: The militarization of foreign policy.',https://www.nytimes.com/2018/03/15/opinion/national-school-walkout.html,508
5abbe45847de81a901218cc0,"b'Drones Spy Caribou on a Treacherous, Icy Crossing'",2018-03-28,"b'Watching the herd from above offered a more complete view of the animals\xe2\x80\x99 varying behaviors, and could suggest insights into other migratory species.'",https://www.nytimes.com/2018/03/28/science/caribou-migration-drones.html,704
5a8e4e66410cf7000162d433,b'Carey Mulligan Is Perfection in a Play That Isn\xe2\x80\x99t',2018-02-22,b'Two solo plays and an American import allow an array of women to shine.',https://www.nytimes.com/2018/02/22/theater/london-girls-and-boys-carey-mulligan-john.html,1070
5aa7c0f547de81a90120e103,"b'Weekly News Quiz for Students: Tariffs, Gun Laws, High-Stakes Summit'",2018-03-13,b'How well did you follow the news this past week? How many of these 10 questions can you get right?',https://www.nytimes.com/interactive/2018/03/13/learning/13StudentNewsQuiz-Tariffs-Gun-Laws-Summit.html,0
5ab6500847de81a9012168f9,"b""The Latest: 'March for Our Lives' Rallies Draw Huge Crowds""",2018-03-24,b'The Latest on student-led protests against gun violence (all times Eastern Daylight Time):',https://www.nytimes.com/aponline/2018/03/24/us/politics/ap-us-student-gun-protests-the-latest.html,2864
5ab97d5447de81a90121795d,"b""Campaign's Comment About Parkland Student Prompts Outrage""",2018-03-26,"b""A comment on an Iowa congressman's campaign Facebook page about one of the survivors of a Florida school shooting has prompted hundreds of comments, many met by mocking replies from the campaign.""",https://www.nytimes.com/aponline/2018/03/26/us/ap-us-student-gun-protests-congressman.html,162
5ab80f3447de81a901216ff3,"b'Rick Santorum: Students Should Learn CPR, Not Seek Gun Laws'",2018-03-25,b'Former Pennsylvania Sen. Rick Santorum said Sunday that students who have rallied for gun control should instead learn CPR or find their own way to prevent a school shooting.',https://www.nytimes.com/aponline/2018/03/25/us/ap-us-student-protests-santorum.html,225
5abaab3247de81a90121828b,b'Gunmaker Remington Gets Approval for Loan to Carry It Through Bankruptcy',2018-03-27,"b'U.S. gunmaker Remington Outdoor Co Inc won court approval on Tuesday to borrow an interim $75 million to sustain its business during its Chapter 11 bankruptcy, which will allow the company to carry out a $775 million debt-cutting deal.'",https://www.nytimes.com/reuters/2018/03/27/business/27reuters-remington-bankruptcy.html,377
5a9da2c9410cf7000162f0b7,"b'Women, Booze and the Vote'",2018-03-05,b'The appropriation of a feminist theme for selling whiskey to women is nothing if not ironic.',https://www.nytimes.com/2018/03/05/opinion/women-votes-feminism-alcohol.html,1180
5ab8603c47de81a901217132,"b'Remington, Centuries-Old Gun Maker, Files for Bankruptcy as Sales Slow'",2018-03-26,"b'One of the oldest U.S. gun manufacturers borrowed heavily after the Sandy Hook shooting, when sales surged because of concern of impending regulation. But now demand has fallen.'",https://www.nytimes.com/2018/03/25/business/remington-bankruptcy-guns.html,371
5ab2a2b047de81a9012149f0,b'Alabama Senator Says Congress Must Act on Gun Violence',2018-03-21,"b'Congress must act to address gun violence, even as lawmakers protect the Second Amendment rights of gun owners, Alabama Sen. Doug Jones said Wednesday in his maiden speech to the Senate.'",https://www.nytimes.com/aponline/2018/03/21/us/politics/ap-us-alabama-senator-guns.html,402
5ab51c2547de81a901216169,b'\xe2\x80\x98Something About Parkland Has Been Different\xe2\x80\x99: Survivors From 20 Years of Mass Shootings Speak',2018-03-23,b'We spoke to survivors of mass shootings and others affected by them about the demonstrations planned for Saturday.',https://www.nytimes.com/2018/03/23/us/mass-shooting-survivors-march-lives-.html,1435
5a8e9cfc410cf7000162d50c,"b'Marco Rubio, Ivanka Trump, Ice Hockey: Your Thursday Briefing'",2018-02-22,b'Here\xe2\x80\x99s what you need to know to start your day.',https://www.nytimes.com/2018/02/22/briefing/marco-rubio-ivanka-trump-ice-hockey.html,1189
5aaac8f447de81a901210b4e,"b'Review: In \xe2\x80\x98Education,\xe2\x80\x99 a Fictional Protest That Pales Next to Real Ones'",2018-03-15,b'Brian Dykstra\xe2\x80\x99s play about a student\xe2\x80\x99s activist artwork lacks the kind of focus that teenagers around the country are bringing to issues like gun control.',https://www.nytimes.com/2018/03/15/theater/education-review-brian-dykstra.html,511
5aa8209f47de81a90120e658,b'The Real Problem With Video Games',2018-03-13,b'It\xe2\x80\x99s not the violent content. It\xe2\x80\x99s the toxic culture.',https://www.nytimes.com/2018/03/13/opinion/video-games-toxic-violence.html,661
5a8ca06c410cf7000162d00d,"b'Clooney, Winfrey and Spielberg Donate Money for March Against Gun Violence'",2018-02-20,"b'Hollywood figures make donations of $500,000 to the March for Our Lives, organized by student survivors of the Parkland, Fla., shooting.'",https://www.nytimes.com/2018/02/20/us/george-clooney-protest.html,470
5aa25b2b47de81a90120c1f8,b'We Are What We Manufacture',2018-03-09,b'Joshua B. Freeman\xe2\x80\x99s \xe2\x80\x9cBehemoth\xe2\x80\x9d is an accessible and cogent global history of the factory and the modern world that all Americans should read.',https://www.nytimes.com/2018/03/09/books/review/behemoth-joshua-freeman.html,1476
5a8c724c410cf7000162cf87,"b'Florida, Syria, Olympics: Your Wednesday Briefing'",2018-02-20,b'Here\xe2\x80\x99s what you need to know to start your day.',https://www.nytimes.com/2018/02/20/briefing/florida-syria-olympics-your-wednesday-briefing.html,1266
5a8d4a97410cf7000162d16b,"b'Parkland, Billy Graham, Lindsey Vonn: Your Wednesday Briefing'",2018-02-21,b'Here\xe2\x80\x99s what you need to know to start your day.',https://www.nytimes.com/2018/02/21/briefing/parkland-benjamin-netanyahu-lindsey-vonn.html,1302
5aa81c2c47de81a90120e5ec,b'Florida Will Seek Execution of Nikolas Cruz in Parkland Shooting Trial',2018-03-13,"b'The state attorney for Broward County said he would ask jurors to condemn Mr. Cruz to death after a rampage in Parkland, Fla., left 17 people dead.'",https://www.nytimes.com/2018/03/13/us/nikolas-cruz-death-penalty.html,482
5aa156bf410cf7000162f3fd,"b'Year-Round Daylight Saving Time? Florida Says Yes, but It\xe2\x80\x99s Not So Simple'",2018-03-08,b'Florida lawmakers overwhelmingly passed a bill to keep the state on daylight saving time year-round. The only problem: They don\xe2\x80\x99t have the authority to do that.',https://www.nytimes.com/2018/03/08/us/daylight-saving-time-florida.html,624
5a9e714f47de81a90120ab6c,b'Why Are Democrats Helping Trump Dismantle Dodd-Frank?',2018-03-06,b'A bill in the Senate would relax key banking regulations and oversight.',https://www.nytimes.com/2018/03/06/opinion/democrats-trump-dodd-frank.html,1170
5ab4ff2447de81a901215ff1,"b'Trump Signs Spending Bill, Reversing Veto Threat and Avoiding Government Shutdown'",2018-03-23,"b'The president said he signed the bill, which he denigrated as \xe2\x80\x9ccrazy,\xe2\x80\x9d because it increased military spending. He also complained that it failed to address immigration issues and a border wall.'",https://www.nytimes.com/2018/03/23/us/politics/trump-veto-spending-bill.html,1635
5a99cb42410cf7000162eee7,b'From Gruesome Tragedy Emerges a New Life in Politics',2018-03-02,"b'For William Petit, it was a long, painful road from the aftermath of one of the most shocking crimes in Connecticut\xe2\x80\x99s history to a seat in the State Legislature.'",https://www.nytimes.com/2018/03/02/nyregion/william-petit-home-invasion-connecticut-legislature.html,1222
5a98dac8410cf7000162ecc5,"b'Vladimir Putin, Snow, Italy\xe2\x80\x99s Election: Your Friday Briefing'",2018-03-02,b'Here\xe2\x80\x99s what you need to know to start your day.',https://www.nytimes.com/2018/03/02/briefing/putin-snow-italy-election.html,1283
5a98b038410cf7000162ec83,b'Trump\xe2\x80\x99s Chaos Theory for the Oval Office Is Taking Its Toll',2018-03-02,"b'John F. Kelly, the chief of staff, summed up the prevailing mood in the West Wing: \xe2\x80\x9cGod punished me,\xe2\x80\x9d he joked of his move there last summer.'",https://www.nytimes.com/2018/03/01/us/politics/trump-chaos-oval-office.html,1229
5a984d43410cf7000162eb5f,"b'China, Nuclear Weapons, Spotify: Your Friday Briefing'",2018-03-01,b'Here\xe2\x80\x99s what you need to know to start your day.',https://www.nytimes.com/2018/03/01/briefing/china-nuclear-weapons-spotify.html,1221
5a978951410cf7000162e90f,"b'Brexit, Hope Hicks, Neymar: Your Thursday Briefing'",2018-03-01,b'Here\xe2\x80\x99s what you need to know to start your day.',https://www.nytimes.com/2018/03/01/briefing/brexit-hope-hicks-neymar.html,1312
5a96fcb4410cf7000162e7cb,"b'Xi Jinping, Brexit, White House: Your Thursday Briefing'",2018-02-28,b'Here\xe2\x80\x99s what you need to know to start your day.',https://www.nytimes.com/2018/02/28/briefing/xi-jinping-jared-kushner-brexit.html,1266
5a97259a410cf7000162e851,"b'Lies, Damned Lies, and One Very Misleading Statistic'",2018-02-28,"b'An expert \xe2\x80\x9cestimate\xe2\x80\x9d that United Nations personnel sexually abused 60,000 people turns out to be more of a guess.'",https://www.nytimes.com/2018/02/28/world/americas/un-sexual-assaults.html,1298
5a968647410cf7000162e654,"b'Security Clearance, N.R.A., Ben Carson: Your Wednesday Briefing'",2018-02-28,b'Here\xe2\x80\x99s what you need to know to start your day.',https://www.nytimes.com/2018/02/28/briefing/security-clearance-nra-ben-carson.html,1263
5a6dad58d4211f00015bde71,"b'Kabul, Davos, Grammy Awards: Your Weekend Briefing'",2018-01-28,b'Here\xe2\x80\x99s what you need to know about the week\xe2\x80\x99s top stories.',https://www.nytimes.com/2018/01/28/briefing/kabul-davos-grammy-awards.html,968
5a71e72bd4211f00015be19d,"b'Pop Keeps Changing. And the Grammys Turn a Deaf Ear, Again.'",2018-01-29,b'By sticking by its old heroes \xe2\x80\x94 and familiar sounds \xe2\x80\x94 the awards show risks alienating tomorrow\xe2\x80\x99s stars.',https://www.nytimes.com/2018/01/29/arts/music/grammy-awards-hip-hop-jay-z-cardi-b-lorde.html,1003
5a4b585d95d0e0246f21edd4,b'O Cold Night!',2018-01-02,"b'Single and restless on a frigid New Year\xe2\x80\x99s Eve, our writer set out on a New York culture crawl: Cardi B, contra dancing, Bargemusic, a 1990s-themed party and more.'",https://www.nytimes.com/2018/01/02/arts/new-years-eve.html,2108
5a6a861dd4211f00015bd932,b'Lawsuit on Trump Emoluments Violations Gains Traction in Court',2018-01-26,"b'In a hearing on Thursday, the judge seemed unwilling to toss out a lawsuit alleging the president is violating the Constitution by continuing to own his businesses.'",https://www.nytimes.com/2018/01/25/us/politics/trump-emoluments-lawsuit.html,625
5a680a00d4211f00015bd331,"b'In Looking for Loyalty, Trump Asked F.B.I. Official How He Voted'",2018-01-24,"b'The question came as President Trump openly discussed the need for James B. Comey\xe2\x80\x99s successor to be \xe2\x80\x9cloyal,\xe2\x80\x9d according to an adviser to the president.'",https://www.nytimes.com/2018/01/23/us/politics/trump-fbi-mccabe.html,399
5a987dca410cf7000162ebf6,"b'Arming Teachers, Unusual Foods, Dating Online and More: Our Favorite Student Comments of the Week'",2018-03-01,"b'The best teenage comments from last week\xe2\x80\x99s writing prompts, and an invitation to join the conversation this week.'",https://www.nytimes.com/2018/03/01/learning/arming-teachers-unusual-foods-dating-online-and-more-our-favorite-student-comments-of-the-week.html,8804
5aa8832347de81a90120edbb,b'3 Suspects in Bombing of Minnesota Mosque Face Weapons Charges',2018-03-14,"b'Four men have been charged with illegally possessing a machine gun. The three suspected of attacking the mosque wanted to \xe2\x80\x9cscare\xe2\x80\x9d Muslims, an affidavit said.'",https://www.nytimes.com/2018/03/13/us/minnesota-mosque-bombing-suspects.html,662
5a960121410cf7000162e536,b'Justice Dept. Backs High-Stakes Lawsuit Against Opioid Makers',2018-02-28,"b'Attorney General Jeff Sessions said he would use legal actions and task forces to crack down on prescription opioid manufacturers, distributors and prescribers.'",https://www.nytimes.com/2018/02/27/us/politics/justice-department-opioid-lawsuit.html,601
5a4ec89295d0e0110c1a2f4c,b'Obstruction Inquiry Shows Trump\xe2\x80\x99s Struggle to Keep Grip on Russia Investigation',2018-01-05,b'The special counsel\xe2\x80\x99s investigation has uncovered several episodes involving the president that raise questions about whether he obstructed justice.',https://www.nytimes.com/2018/01/04/us/politics/trump-sessions-russia-mcgahn.html,2066
5a8d45d2410cf7000162d160,"b'A Reset, of Sorts, for the United States and Australia'",2018-02-21,"b'President Trump and Prime Minister Malcolm Turnbull, whose relationship got off to a rough start a year ago, will meet at the White House with much to discuss.'",https://www.nytimes.com/2018/02/21/world/australia/trump-turnbull-white-house.html,1099
5a4ac57795d0e0246f21ed43,b'2 American Families Are Mourned After Plane Crash in Costa Rica',2018-01-01,b'Nine people from two families in New York and Florida were among the 12 people killed in the crash.',https://www.nytimes.com/2018/01/01/world/americas/costa-rica-plane-crash.html,1344
5a4f4d0395d0e0110c1a3032,b'New Pot Policy by Trump Administration Draws Bipartisan Fire',2018-01-05,"b'Lawmakers from both parties see it as a state decision and vow to force the attorney general, Jeff Sessions, to back down.'",https://www.nytimes.com/2018/01/05/us/politics/trump-marijuana-policy-bipartisan-fire.html,1026
5a778ac0d4211f00015bf3d2,b'Remembering the Four Chaplains and Their Ultimate Sacrifice',2018-02-04,b'A New Jersey church honors the chaplains who gave their life vests to others as their military transport ship was sinking 75 years ago in World War II.',https://www.nytimes.com/2018/02/04/nyregion/four-chaplains-sacrifice.html,918
5a77a553d4211f00015bf3f8,"b'With a Monday Vote Expected, Democrats Press to Release Their Own Memo'",2018-02-05,"b'As some Republicans backed away from President Trump\xe2\x80\x99s claim that a new memo vindicates him in the Russia inquiry, Democrats sought the release of their own classified rebuttal.'",https://www.nytimes.com/2018/02/04/us/politics/democrats-memo.html,1058
5a74aba3d4211f00015bf045,b'The Nunes Memo vs. the Schiff Memo',2018-02-02,b'There are now two memos agitating Washington. One from Representative Devin Nunes and one from Representative Adam B. Schiff. Feeling confused? You\xe2\x80\x99re not alone.',https://www.nytimes.com/video/us/politics/100000005714132/the-nunes-memo-vs-the-schiff-memo.html,207
5a6e7959d4211f00015bdf79,b'An Article of Impeachment Against Donald J. Trump',2018-01-29,"b'It may not happen, but the necessary trail of evidence is there.'",https://www.nytimes.com/2018/01/28/opinion/impeachment-donald-trump.html,827
5a6ccc51d4211f00015bdd9d,b'How Wobbly Is Our Democracy?',2018-01-27,"b'If partisan polarization continues to intensify, checks and balances will not save us.'",https://www.nytimes.com/2018/01/27/opinion/sunday/democracy-polarization.html,1504
5a6bdf43d4211f00015bdc97,b'The G.O.P.\xe2\x80\x99s Bonfire of the Sanities',2018-01-27,b'Republicans prove that even paranoids have friends.',https://www.nytimes.com/2018/01/26/opinion/republicans-paranoia-mueller-trump.html,832
5a688e0cd4211f00015bd3d2,b'The Russian \xe2\x80\x98Cycle of Distraction\xe2\x80\x99',2018-01-24,b'Also: The shockingly high death toll from seatbelt non-use.',https://www.nytimes.com/2018/01/24/opinion/russia-investigation-nunes-memo.html,750
5a60962a95d0e0110c1a533a,b'Democrats Question Justice Dept. Power to Charge Sanctuary City Leaders',2018-01-18,b'California\xe2\x80\x99s senators asked Jeff Sessions why the Justice Department is exploring criminal charges against local politicians.',https://www.nytimes.com/2018/01/18/us/politics/justice-department-sanctuary-cities-criminal-charges-elected-offiicals.html,660
5a667a8995d0e0110c1a5d2c,b'Why the I.R.S. Fears Bitcoin',2018-01-22,b'Cryptocurrencies could lead to significant losses in tax revenue.',https://www.nytimes.com/2018/01/22/opinion/irs-bitcoin-fear.html,858
5a9b7fb747de81a901209bed,"b'Elizabeth Deutsch, Isaac Arnsdorf'",2018-03-04,b'The bride and groom met at Yale. She is a lawyer. He is a journalist.',https://www.nytimes.com/2018/03/04/fashion/weddings/elizabeth-deutsch-isaac-arnsdorf.html,225
5abcda3247de81a9012193dd,"b""Dollarama's Profit Beats Estimates as Shoppers Spend More""",2018-03-29,"b""Canada's Dollarama Inc reported a better-than-expected profit, driven by an increase in comparable sales as shoppers spent more at its dollar stores.""",https://www.nytimes.com/reuters/2018/03/29/business/29reuters-dollarama-results.html,287
5abdbdfb47de81a901219d4a,"b""Australia's Stannard Out of Games After 'One-Punch' Assault""",2018-03-30,"b""Australia's rugby sevens captain James Stannard was ruled out of the Commonwealth Games with a fractured skull following a 'one-punch' attack in Sydney early on Friday after a farewell dinner for departing coach Andy Friend.""",https://www.nytimes.com/reuters/2018/03/30/sports/rugby/30reuters-rugby-sevens-australia-stannard.html,354
5a9242d8410cf7000162dd2d,"b'Moria Cappio, Joseph Frederick'",2018-02-25,b'The couple met in 2011 on a New Jersey Transit train bound for Philadelphia.',https://www.nytimes.com/2018/02/25/fashion/weddings/moria-cappio-joseph-frederick.html,233
5ac0594347de81a90121aaa1,"b'Meghal Shah, Shaan-Chirag Gandhi'",2018-04-01,b'The couple met three years ago through the dating app Hinge.',https://www.nytimes.com/2018/04/01/fashion/weddings/meghal-shah-shaan-chirag-gandhi.html,267
5a7b81add4211f00015bfe07,b'About LENE',2018-02-07,b'Editor Will Shortz on the entry LENE in the Feb. 7 puzzle.',https://www.nytimes.com/2018/02/07/crosswords/about-lene.html,247
5ab91fc947de81a90121760f,"b""U.S. Tells U.N. 12 Russians to Be Expelled Acted 'Outside Official Capacity'""",2018-03-26,b'The United States told the United Nations on Monday that it was expelling 12 Russian U.N. diplomats because of action they had taken outside their official capacity that was an abuse of their privileges of residence.',https://www.nytimes.com/reuters/2018/03/26/us/politics/26reuters-britain-russia-usa-un.html,319
5abbfa9447de81a901218d9c,b'GameStop Tops Revenue Estimates on Robust Nintendo Switch Sales',2018-03-28,"b""GameStop Corp, the world's largest video game and gaming console retailer, reported revenue that beat analysts' estimates for the fourth straight quarter as sales of Nintendo Switch consoles remained strong.""",https://www.nytimes.com/reuters/2018/03/28/technology/28reuters-gamestop-results.html,221
5abb7a9e47de81a901218851,b'BlackBerry Beats Profit Estimates on Higher Margins',2018-03-28,"b""BlackBerry Ltd reported a fourth-quarter profit on Wednesday that beat analysts' estimates and said it expects strong billings at its high-margin software and services business for the full year.""",https://www.nytimes.com/reuters/2018/03/28/business/28reuters-blackberry-results.html,289
5abbc99f47de81a901218bb1,"b'Arnold R. Hirsch, Historian of Housing Segregation, Dies at 69'",2018-03-28,"b'An inquiry into urban unrest led to \xe2\x80\x9cMaking the Second Ghetto,\xe2\x80\x9d a chronicle of systemic bias in the wake of the second Great Migration of Southern blacks.'",https://www.nytimes.com/2018/03/28/obituaries/arnold-hirsch-chicago-historian-dead.html,901
5a7760dcd4211f00015bf392,b'\xe2\x80\x98Winchester\xe2\x80\x99 Claims No. 3 at Box Office Amid Super Bowl Slowdown',2018-02-04,"b'With movie studios avoiding competition with the Super Bowl, the newcomer \xe2\x80\x9cWinchester\xe2\x80\x9d took in $9.3 million this weekend.'",https://www.nytimes.com/2018/02/04/movies/winchester-box-office-jumanji.html,423
5aa4fde647de81a90120cfaa,"b'North Korea, Trade, Russia: Your Weekend Briefing'",2018-03-11,b'Here\xe2\x80\x99s what you need to know about the week\xe2\x80\x99s top stories.',https://www.nytimes.com/2018/03/11/briefing/north-korea-trade-russia.html,933
5abbfdda47de81a901218db7,b'Walmart Pulls Cosmo From Checkout. Plus! Guess Who\xe2\x80\x99s Claiming Victory.',2018-03-28,"b'The National Center on Sexual Exploitation took credit for the decision, linking it to the #MeToo movement, but the retailer would only cite business reasons.'",https://www.nytimes.com/2018/03/28/business/media/walmart-cosmo.html,824
5ab7f0fb47de81a901216f3e,"b""Brazil's Lula Rallies Support, Draws Protest as Prison Looms""",2018-03-25,"b""With a likely arrest in the coming weeks, Brazil's former President Luiz Inacio Lula da Silva campaigned Sunday to return to power with promises to unite a divided Brazil and defeat those who he alleges have cooked up false accusations to keep him...""",https://www.nytimes.com/aponline/2018/03/25/world/americas/ap-lt-brazil-da-silva-prison-looming.html,814
5a7a84d7d4211f00015bfadb,"b'Corrections: February 7, 2018'",2018-02-07,"b'Corrections appearing in print on Wednesday, February 7, 2018.'",https://www.nytimes.com/2018/02/06/pageoneplus/corrections-february-7-2018.html,354
5a797cc0d4211f00015bf818,b'New & Noteworthy',2018-02-06,"b'A selection of books published this week; plus, a peek at what our colleagues around the newsroom are reading.'",https://www.nytimes.com/2018/02/06/books/review/new-noteworthy-matthew-schneier.html,443
5ab97b7b47de81a90121794c,b'U.S. Experts Say Why Trump Should Support Iran Deal',2018-03-26,"b'The bipartisan group, including at least four former American ambassadors to Israel, said that \xe2\x80\x9cditching it would serve no national security purpose.\xe2\x80\x9d'",https://www.nytimes.com/2018/03/26/world/middleeast/iran-nuclear-letter.html,682
5ab5faf247de81a90121681d,b'Pac-12 Has Solid Day With Oregon State and UCLA Advancing',2018-03-24,b'It was a stellar day for the Pac-12 with Oregon State and UCLA both pulling off upsets to advance to the Elite Eight.',https://www.nytimes.com/aponline/2018/03/24/sports/ncaabasketball/ap-bkw-ncaa-womens-tipping-off.html,691
5a987804410cf7000162ebdc,b'6 Classical Music Concerts to See in NYC This Weekend',2018-03-01,b'Our guide to the city\xe2\x80\x99s best classical music and opera happening this weekend and in the week ahead.',https://www.nytimes.com/2018/03/01/arts/music/classical-music-in-nyc-this-week.html,486
